{"stats":{"minecraft:dropped":{"minecraft:stone_axe":1,"minecraft:cooked_porkchop":1,"minecraft:cobblestone":27,"minecraft:glow_berries":2,"minecraft:oak_planks":5,"minecraft:torch":9,"minecraft:wooden_pickaxe":2,"minecraft:stone_pickaxe":1,"minecraft:iron_pickaxe":2},"minecraft:picked_up":{"minecraft:crafting_table":1,"minecraft:jungle_log":9,"minecraft:leather":4,"minecraft:wooden_pickaxe":1,"minecraft:oak_log":10,"minecraft:dirt":13,"minecraft:raw_copper":3,"minecraft:cooked_mutton":1,"minecraft:bone":1,"minecraft:beef":4,"minecraft:stone_pickaxe":1,"minecraft:iron_pickaxe":2,"minecraft:light_gray_wool":1,"minecraft:coal_block":1,"minecraft:stick":3,"minecraft:raw_iron":8,"minecraft:cooked_porkchop":2,"minecraft:torch":11,"minecraft:gravel":5,"minecraft:porkchop":2,"minecraft:diorite":2,"minecraft:arrow":4,"minecraft:rotten_flesh":6,"minecraft:stone_axe":1,"minecraft:glow_berries":2,"minecraft:mutton":1,"minecraft:coal":29,"minecraft:white_wool":2,"minecraft:cobblestone":87},"minecraft:crafted":{"minecraft:oak_planks":24,"minecraft:crafting_table":3,"minecraft:wooden_pickaxe":1,"minecraft:furnace":4,"minecraft:stone_axe":1,"minecraft:cooked_mutton":7,"minecraft:air":0,"minecraft:jungle_planks":8,"minecraft:shield":1,"minecraft:stick":12,"minecraft:iron_ingot":8,"minecraft:iron_pickaxe":1,"minecraft:stone_pickaxe":1,"minecraft:torch":28},"minecraft:custom":{"minecraft:interact_with_furnace":23,"minecraft:mob_kills":11,"minecraft:interact_with_crafting_table":10,"minecraft:leave_game":1,"minecraft:time_since_death":34780,"minecraft:climb_one_cm":1865,"minecraft:time_since_rest":34780,"minecraft:sprint_one_cm":90780,"minecraft:damage_taken":345,"minecraft:walk_one_cm":54415,"minecraft:damage_blocked_by_shield":370,"minecraft:drop":25,"minecraft:damage_dealt":1608,"minecraft:swim_one_cm":2504,"minecraft:fly_one_cm":59724,"minecraft:crouch_one_cm":19352,"minecraft:play_time":34780,"minecraft:sneak_time":5765,"minecraft:walk_under_water_one_cm":5167,"minecraft:jump":492,"minecraft:walk_on_water_one_cm":4586,"minecraft:total_world_time":34780,"minecraft:fall_one_cm":9888},"minecraft:used":{"minecraft:cooked_mutton":5,"minecraft:stone_pickaxe":72,"minecraft:wooden_pickaxe":6,"minecraft:shield":11,"minecraft:torch":22,"minecraft:dirt":10,"minecraft:crafting_table":4,"minecraft:iron_pickaxe":21,"minecraft:gravel":5,"minecraft:stone_axe":33,"minecraft:cobblestone":8,"minecraft:furnace":4,"minecraft:cooked_porkchop":1},"minecraft:mined":{"minecraft:jungle_leaves":1,"minecraft:crafting_table":1,"minecraft:torch":1,"minecraft:grass_block":4,"minecraft:jungle_log":8,"minecraft:iron_ore":8,"minecraft:light_gray_wool":1,"minecraft:grass":9,"minecraft:oak_log":10,"minecraft:coal_ore":28,"minecraft:vine":1,"minecraft:dirt":7,"minecraft:stone":61,"minecraft:oak_leaves":1,"minecraft:fern":1},"minecraft:killed":{"minecraft:pig":1,"minecraft:sheep":1,"minecraft:skeleton":3,"minecraft:zombie":3,"minecraft:cow":2}},"DataVersion":3465}