{"stats":{"minecraft:dropped":{"minecraft:dirt":2,"minecraft:cooked_porkchop":1},"minecraft:picked_up":{"minecraft:stick":2,"minecraft:cooked_porkchop":1,"minecraft:jungle_log":9,"minecraft:torch":12,"minecraft:wooden_pickaxe":2,"minecraft:gravel":5,"minecraft:porkchop":1,"minecraft:dirt":11,"minecraft:raw_copper":30,"minecraft:stone_axe":1,"minecraft:wheat_seeds":9,"minecraft:stone_pickaxe":1,"minecraft:glow_berries":2,"minecraft:iron_pickaxe":1,"minecraft:light_gray_wool":1,"minecraft:raw_copper_block":1,"minecraft:oak_planks":5,"minecraft:mutton":12,"minecraft:coal":24,"minecraft:white_wool":6,"minecraft:cobblestone":70},"minecraft:crafted":{"minecraft:coal_block":1,"minecraft:cooked_porkchop":2,"minecraft:stick":16,"minecraft:stone_pickaxe":1,"minecraft:torch":16,"minecraft:air":0,"minecraft:stone_axe":1,"minecraft:cooked_mutton":4,"minecraft:jungle_planks":8},"minecraft:custom":{"minecraft:time_since_rest":14498,"minecraft:interact_with_furnace":8,"minecraft:sprint_one_cm":56935,"minecraft:damage_taken":290,"minecraft:walk_one_cm":94587,"minecraft:mob_kills":8,"minecraft:drop":3,"minecraft:damage_dealt":677,"minecraft:interact_with_crafting_table":4,"minecraft:fly_one_cm":74598,"minecraft:crouch_one_cm":4106,"minecraft:play_time":33294,"minecraft:deaths":1,"minecraft:sneak_time":843,"minecraft:jump":565,"minecraft:leave_game":1,"minecraft:walk_on_water_one_cm":1107,"minecraft:time_since_death":14197,"minecraft:climb_one_cm":2123,"minecraft:total_world_time":33294,"minecraft:fall_one_cm":16839},"minecraft:used":{"minecraft:cooked_mutton":2,"minecraft:stone_pickaxe":78,"minecraft:wooden_pickaxe":6,"minecraft:light_gray_wool":1,"minecraft:stone_axe":10,"minecraft:torch":9,"minecraft:glow_berries":1,"minecraft:dirt":4,"minecraft:cobblestone":27,"minecraft:cooked_porkchop":1},"minecraft:mined":{"minecraft:torch":1,"minecraft:grass":42,"minecraft:coal_ore":25,"minecraft:grass_block":3,"minecraft:vine":2,"minecraft:jungle_log":9,"minecraft:gravel":5,"minecraft:dirt":3,"minecraft:copper_ore":9,"minecraft:raw_copper_block":1,"minecraft:stone":41,"minecraft:fern":6,"minecraft:oak_leaves":3,"minecraft:wall_torch":1},"minecraft:killed":{"minecraft:sheep":7,"minecraft:pig":1},"minecraft:killed_by":{"minecraft:skeleton":1}},"DataVersion":3465}